--
-- PostgreSQL database dump
--

-- Dumped from database version 13.4 (Debian 13.4-4.pgdg110+1)
-- Dumped by pg_dump version 15.3

SET statement_timeout = 0;
SET lock_timeout = 0;
SET idle_in_transaction_session_timeout = 0;
SET client_encoding = 'UTF8';
SET standard_conforming_strings = on;
SELECT pg_catalog.set_config('search_path', '', false);
SET check_function_bodies = false;
SET xmloption = content;
SET client_min_messages = warning;
SET row_security = off;

--
-- Name: public; Type: SCHEMA; Schema: -; Owner: postgres
--

-- *not* creating schema, since initdb creates it


ALTER SCHEMA public OWNER TO postgres;

SET default_tablespace = '';

SET default_table_access_method = heap;

--
-- Name: analyses; Type: TABLE; Schema: public; Owner: medlabms
--

CREATE TABLE public.analyses (
    id integer NOT NULL,
    name character varying(255) NOT NULL,
    description character varying(255),
    metric character varying(255) NOT NULL,
    metric_range character varying(255) NOT NULL,
    price numeric NOT NULL,
    analysis_group_id integer NOT NULL,
    created_at timestamp without time zone NOT NULL,
    created_by character varying(255) NOT NULL,
    updated_at timestamp without time zone,
    updated_by character varying(255)
);


ALTER TABLE public.analyses OWNER TO medlabms;

--
-- Name: analyses_groups; Type: TABLE; Schema: public; Owner: medlabms
--

CREATE TABLE public.analyses_groups (
    id integer NOT NULL,
    name character varying(255) NOT NULL,
    description character varying(255),
    created_at timestamp without time zone NOT NULL,
    created_by character varying(255) NOT NULL,
    updated_at timestamp without time zone,
    updated_by character varying(255)
);


ALTER TABLE public.analyses_groups OWNER TO medlabms;

--
-- Name: analyses_groups_id_seq; Type: SEQUENCE; Schema: public; Owner: medlabms
--

ALTER TABLE public.analyses_groups ALTER COLUMN id ADD GENERATED BY DEFAULT AS IDENTITY (
    SEQUENCE NAME public.analyses_groups_id_seq
    START WITH 1
    INCREMENT BY 1
    NO MINVALUE
    NO MAXVALUE
    CACHE 1
);


--
-- Name: analyses_id_seq; Type: SEQUENCE; Schema: public; Owner: medlabms
--

ALTER TABLE public.analyses ALTER COLUMN id ADD GENERATED BY DEFAULT AS IDENTITY (
    SEQUENCE NAME public.analyses_id_seq
    START WITH 1
    INCREMENT BY 1
    NO MINVALUE
    NO MAXVALUE
    CACHE 1
);


--
-- Name: audits; Type: TABLE; Schema: public; Owner: medlabms
--

CREATE TABLE public.audits (
    id bigint NOT NULL,
    action character varying(255),
    date timestamp without time zone,
    description character varying(255),
    modified_by character varying(255),
    resource_name character varying(255),
    type character varying(255)
);


ALTER TABLE public.audits OWNER TO medlabms;

--
-- Name: audits_id_seq; Type: SEQUENCE; Schema: public; Owner: medlabms
--

ALTER TABLE public.audits ALTER COLUMN id ADD GENERATED BY DEFAULT AS IDENTITY (
    SEQUENCE NAME public.audits_id_seq
    START WITH 1
    INCREMENT BY 1
    NO MINVALUE
    NO MAXVALUE
    CACHE 1
);


--
-- Name: databasechangelog; Type: TABLE; Schema: public; Owner: medlabms
--

CREATE TABLE public.databasechangelog (
    id character varying(255) NOT NULL,
    author character varying(255) NOT NULL,
    filename character varying(255) NOT NULL,
    dateexecuted timestamp without time zone NOT NULL,
    orderexecuted integer NOT NULL,
    exectype character varying(10) NOT NULL,
    md5sum character varying(35),
    description character varying(255),
    comments character varying(255),
    tag character varying(255),
    liquibase character varying(20),
    contexts character varying(255),
    labels character varying(255),
    deployment_id character varying(10)
);


ALTER TABLE public.databasechangelog OWNER TO medlabms;

--
-- Name: databasechangeloglock; Type: TABLE; Schema: public; Owner: medlabms
--

CREATE TABLE public.databasechangeloglock (
    id integer NOT NULL,
    locked boolean NOT NULL,
    lockgranted timestamp without time zone,
    lockedby character varying(255)
);


ALTER TABLE public.databasechangeloglock OWNER TO medlabms;

--
-- Name: groups; Type: TABLE; Schema: public; Owner: medlabms
--

CREATE TABLE public.groups (
    id integer NOT NULL,
    kc_id character varying(36) NOT NULL,
    name character varying(255) NOT NULL,
    path character varying(255) NOT NULL,
    created_at timestamp without time zone NOT NULL,
    created_by character varying(255) NOT NULL,
    updated_at timestamp without time zone,
    updated_by character varying(255)
);


ALTER TABLE public.groups OWNER TO medlabms;

--
-- Name: groups_id_seq; Type: SEQUENCE; Schema: public; Owner: medlabms
--

ALTER TABLE public.groups ALTER COLUMN id ADD GENERATED BY DEFAULT AS IDENTITY (
    SEQUENCE NAME public.groups_id_seq
    START WITH 1
    INCREMENT BY 1
    NO MINVALUE
    NO MAXVALUE
    CACHE 1
);


--
-- Name: patients; Type: TABLE; Schema: public; Owner: medlabms
--

CREATE TABLE public.patients (
    id integer NOT NULL,
    first_name character varying(255) NOT NULL,
    last_name character varying(255) NOT NULL,
    birth_place character varying(255) NOT NULL,
    birth_date date NOT NULL,
    gender character varying(6) NOT NULL,
    personal_id character varying(255) NOT NULL,
    blood_type character varying(2) NOT NULL,
    blood_type_rh character(1) NOT NULL,
    email character varying(255),
    phone character varying(255),
    created_at timestamp without time zone NOT NULL,
    created_by character varying(255) NOT NULL,
    updated_at timestamp without time zone,
    updated_by character varying(255)
);


ALTER TABLE public.patients OWNER TO medlabms;

--
-- Name: patients_id_seq; Type: SEQUENCE; Schema: public; Owner: medlabms
--

ALTER TABLE public.patients ALTER COLUMN id ADD GENERATED BY DEFAULT AS IDENTITY (
    SEQUENCE NAME public.patients_id_seq
    START WITH 1
    INCREMENT BY 1
    NO MINVALUE
    NO MAXVALUE
    CACHE 1
);


--
-- Name: users; Type: TABLE; Schema: public; Owner: medlabms
--

CREATE TABLE public.users (
    id integer NOT NULL,
    kc_id character varying(36) NOT NULL,
    first_name character varying(255),
    last_name character varying(255),
    username character varying(255) NOT NULL,
    email character varying(255) NOT NULL,
    group_id integer NOT NULL,
    created_at timestamp without time zone NOT NULL,
    created_by character varying(255) NOT NULL,
    updated_at timestamp without time zone,
    updated_by character varying(255)
);


ALTER TABLE public.users OWNER TO medlabms;

--
-- Name: users_id_seq; Type: SEQUENCE; Schema: public; Owner: medlabms
--

ALTER TABLE public.users ALTER COLUMN id ADD GENERATED BY DEFAULT AS IDENTITY (
    SEQUENCE NAME public.users_id_seq
    START WITH 1
    INCREMENT BY 1
    NO MINVALUE
    NO MAXVALUE
    CACHE 1
);


--
-- Name: visits; Type: TABLE; Schema: public; Owner: medlabms
--

CREATE TABLE public.visits (
    id integer NOT NULL,
    date_of_visit date NOT NULL,
    total_price numeric NOT NULL,
    patient_id integer NOT NULL,
    created_at timestamp without time zone NOT NULL,
    created_by character varying(255) NOT NULL,
    updated_at timestamp without time zone,
    updated_by character varying(255)
);


ALTER TABLE public.visits OWNER TO medlabms;

--
-- Name: visits_analyses; Type: TABLE; Schema: public; Owner: medlabms
--

CREATE TABLE public.visits_analyses (
    id integer NOT NULL,
    visit_id integer NOT NULL,
    analysis_id integer NOT NULL,
    name character varying(255) NOT NULL,
    value character varying(255) NOT NULL,
    metric character varying(255) NOT NULL,
    metric_range character varying(255) NOT NULL,
    price numeric NOT NULL,
    created_at timestamp without time zone NOT NULL,
    created_by character varying(255) NOT NULL,
    updated_at timestamp without time zone,
    updated_by character varying(255)
);


ALTER TABLE public.visits_analyses OWNER TO medlabms;

--
-- Name: visits_analyses_id_seq; Type: SEQUENCE; Schema: public; Owner: medlabms
--

ALTER TABLE public.visits_analyses ALTER COLUMN id ADD GENERATED BY DEFAULT AS IDENTITY (
    SEQUENCE NAME public.visits_analyses_id_seq
    START WITH 1
    INCREMENT BY 1
    NO MINVALUE
    NO MAXVALUE
    CACHE 1
);


--
-- Name: visits_id_seq; Type: SEQUENCE; Schema: public; Owner: medlabms
--

ALTER TABLE public.visits ALTER COLUMN id ADD GENERATED BY DEFAULT AS IDENTITY (
    SEQUENCE NAME public.visits_id_seq
    START WITH 1
    INCREMENT BY 1
    NO MINVALUE
    NO MAXVALUE
    CACHE 1
);


--
-- Data for Name: analyses; Type: TABLE DATA; Schema: public; Owner: medlabms
--

COPY public.analyses (id, name, description, metric, metric_range, price, analysis_group_id, created_at, created_by, updated_at, updated_by) FROM stdin;
1	HBA1C	Test	ugh/ml	min > 4\nmax < 20	15	1	2022-04-06 22:50:38.877911	test1	2022-04-06 22:50:38.877911	test1
2	Analysis test	test	test	test	10	1	2022-04-06 23:00:10.304886	test1	2022-04-06 23:00:10.304886	test1
3	Test analyse	test	test	test	11.5	2	2022-04-19 19:19:25.881687	test1	2022-04-19 23:38:56.483068	test1
\.


--
-- Data for Name: analyses_groups; Type: TABLE DATA; Schema: public; Owner: medlabms
--

COPY public.analyses_groups (id, name, description, created_at, created_by, updated_at, updated_by) FROM stdin;
1	Biokimi	test	2022-04-06 22:49:16.682965	test1	2022-04-06 22:49:16.682965	test1
2	First Test Group	Test 1	2022-04-19 23:38:28.045822	test1	2022-04-19 23:38:28.045822	test1
\.


--
-- Data for Name: audits; Type: TABLE DATA; Schema: public; Owner: medlabms
--

COPY public.audits (id, action, date, description, modified_by, resource_name, type) FROM stdin;
1	Create	2023-07-06 00:08:35.591727	Group Group1 Test was created by test1	test1	Group1 Test	Group
2	Update	2023-07-06 00:09:24.927992	Group Group1 testing was updated by test1	test1	Group1 testing	Group
3	Update	2023-07-06 00:10:09.886244	User Argjenda Zuka Braina was updated by test1	test1	Argjenda Zuka Braina	User
\.


--
-- Data for Name: databasechangelog; Type: TABLE DATA; Schema: public; Owner: medlabms
--

COPY public.databasechangelog (id, author, filename, dateexecuted, orderexecuted, exectype, md5sum, description, comments, tag, liquibase, contexts, labels, deployment_id) FROM stdin;
20220304-01	ShpatBraina	src/main/resources/db/v1.0.0/db.changelog-schema.xml	2022-04-06 22:43:25.680472	1	EXECUTED	8:9061b64343a477b5af31c5fa867f57ea	createTable tableName=groups		\N	3.10.3	\N	\N	9281405549
20220304-02	ShpatBraina	src/main/resources/db/v1.0.0/db.changelog-schema.xml	2022-04-06 22:43:25.727497	2	EXECUTED	8:dbe979adcdf2f53ebef2b10b40202005	createTable tableName=users		\N	3.10.3	\N	\N	9281405549
20220310-01	ShpatBraina	src/main/resources/db/v1.0.0/db.changelog-schema.xml	2022-04-06 22:43:25.751647	3	EXECUTED	8:a655f5ae446df66b56d6d55354d9a9d3	createTable tableName=patients		\N	3.10.3	\N	\N	9281405549
20220310-02	ShpatBraina	src/main/resources/db/v1.0.0/db.changelog-schema.xml	2022-04-06 22:43:25.781146	4	EXECUTED	8:d77d8e845ae95ee27237cf201ac6b8b0	createTable tableName=analyses_groups		\N	3.10.3	\N	\N	9281405549
20220310-03	ShpatBraina	src/main/resources/db/v1.0.0/db.changelog-schema.xml	2022-04-06 22:43:25.81901	5	EXECUTED	8:7550cc00e536ae5aa7dfb1a9c5d4dca8	createTable tableName=analyses		\N	3.10.3	\N	\N	9281405549
20220310-04	ShpatBraina	src/main/resources/db/v1.0.0/db.changelog-schema.xml	2022-04-14 23:54:10.07146	6	EXECUTED	8:af9b30e9492e239a77b2781664b7ceed	createTable tableName=visits		\N	3.10.3	\N	\N	9976850003
20220411-01	ShpatBraina	src/main/resources/db/v1.0.0/db.changelog-schema.xml	2022-04-14 23:54:10.106424	7	EXECUTED	8:963844595ed90fd1efa256d46c014a1a	createTable tableName=visits_analyses		\N	3.10.3	\N	\N	9976850003
\.


--
-- Data for Name: databasechangeloglock; Type: TABLE DATA; Schema: public; Owner: medlabms
--

COPY public.databasechangeloglock (id, locked, lockgranted, lockedby) FROM stdin;
1	f	\N	\N
\.


--
-- Data for Name: groups; Type: TABLE DATA; Schema: public; Owner: medlabms
--

COPY public.groups (id, kc_id, name, path, created_at, created_by, updated_at, updated_by) FROM stdin;
1	4ff76338-473a-4b7c-869c-94088ac8ed20	Admin1	/Admin1	2022-04-20 20:06:10.529265	test1	2022-04-20 20:06:10.529265	test1
2	f9d06b08-8b93-4057-a3ba-ebc3794cf98e	Admin2	/Admin2	2022-04-20 20:06:34.874863	test1	2022-04-20 20:06:34.874863	test1
3	3cb691f8-a664-419a-aad8-877c047c715d	Group1 testing	/Group1 testing	2023-07-06 00:08:35.572764	test1	2023-07-06 00:09:24.907695	test1
\.


--
-- Data for Name: patients; Type: TABLE DATA; Schema: public; Owner: medlabms
--

COPY public.patients (id, first_name, last_name, birth_place, birth_date, gender, personal_id, blood_type, blood_type_rh, email, phone, created_at, created_by, updated_at, updated_by) FROM stdin;
1	Shpat	Braina	Saarbrucken	1996-02-01	male	1233245301	A	+	shpatbraina@gmail.com	+38349824367	2022-04-06 22:51:30.307915	test1	2022-04-06 22:51:30.307915	test1
2	Argjenda	Zuka	Prishtina	1996-06-21	male	1233235845	AB	+	zukaargjenda@gmail.com	+38349824367	2022-04-06 22:52:29.206008	test1	2022-04-06 22:52:29.206008	test1
3	Rrap	Braina	Friedberg	1999-02-16	male	1242901254	0	+	rrapbraina@gmail.com	+38344820502	2022-04-16 13:38:11.237044	test1	2022-04-16 13:38:11.237044	test1
\.


--
-- Data for Name: users; Type: TABLE DATA; Schema: public; Owner: medlabms
--

COPY public.users (id, kc_id, first_name, last_name, username, email, group_id, created_at, created_by, updated_at, updated_by) FROM stdin;
1	406cdfd4-24a1-493b-95e9-7cd4fcb8ae61	Shpat	Braina	shpatbraina	shpatbraina@gmail.com	1	2022-04-20 20:27:58.615414	test1	2022-04-20 20:27:58.615414	test1
3	67d50d0a-b520-481f-a65b-0605021bfda9	Rrap	Braina	rrapbraina	rrapbraina@gmail.com	1	2022-04-20 20:35:26.340151	test1	2022-04-20 20:35:26.340151	test1
2	8a0863e6-c1f5-4823-9ecb-3ae9055cd6ef	Argjenda	Zuka Braina	argjendazuka	zukaargjenda@gmail.com	2	2022-04-20 20:28:16.541809	test1	2023-07-06 00:10:09.87561	test1
\.


--
-- Data for Name: visits; Type: TABLE DATA; Schema: public; Owner: medlabms
--

COPY public.visits (id, date_of_visit, total_price, patient_id, created_at, created_by, updated_at, updated_by) FROM stdin;
1	2022-04-01	15	1	2022-04-14 23:58:04.296822	test1	2022-04-16 13:34:24.96982	test1
2	2022-04-14	25	2	2022-04-16 13:36:15.071808	test1	2022-04-16 13:36:15.168184	test1
5	2022-04-12	36.5	1	2022-04-19 19:18:37.66405	test1	2022-04-19 19:21:16.864751	test1
\.


--
-- Data for Name: visits_analyses; Type: TABLE DATA; Schema: public; Owner: medlabms
--

COPY public.visits_analyses (id, visit_id, analysis_id, name, value, metric, metric_range, price, created_at, created_by, updated_at, updated_by) FROM stdin;
24	1	1	HBA1C	er	ugh/ml	min > 4\nmax < 20	15	2022-04-16 13:34:05.986701	test1	2022-04-16 13:34:24.962821	test1
26	2	1	HBA1C	3.76	ugh/ml	min > 4\nmax < 20	15	2022-04-16 13:36:15.160056	test1	2022-04-16 13:36:15.160056	test1
27	2	2	Analysis test	22	test	test	10	2022-04-16 13:36:15.163036	test1	2022-04-16 13:36:15.163036	test1
30	5	1	HBA1C	2	ugh/ml	min > 4\nmax < 20	15	2022-04-19 19:18:37.769309	test1	2022-04-19 19:21:16.853549	test1
31	5	2	Analysis test	test	test	test	10	2022-04-19 19:18:37.775543	test1	2022-04-19 19:21:16.857581	test1
32	5	3	Test analyse	22	test	test	11.5	2022-04-19 19:19:40.029412	test1	2022-04-19 19:21:16.86058	test1
\.


--
-- Name: analyses_groups_id_seq; Type: SEQUENCE SET; Schema: public; Owner: medlabms
--

SELECT pg_catalog.setval('public.analyses_groups_id_seq', 2, true);


--
-- Name: analyses_id_seq; Type: SEQUENCE SET; Schema: public; Owner: medlabms
--

SELECT pg_catalog.setval('public.analyses_id_seq', 3, true);


--
-- Name: audits_id_seq; Type: SEQUENCE SET; Schema: public; Owner: medlabms
--

SELECT pg_catalog.setval('public.audits_id_seq', 3, true);


--
-- Name: groups_id_seq; Type: SEQUENCE SET; Schema: public; Owner: medlabms
--

SELECT pg_catalog.setval('public.groups_id_seq', 3, true);


--
-- Name: patients_id_seq; Type: SEQUENCE SET; Schema: public; Owner: medlabms
--

SELECT pg_catalog.setval('public.patients_id_seq', 3, true);


--
-- Name: users_id_seq; Type: SEQUENCE SET; Schema: public; Owner: medlabms
--

SELECT pg_catalog.setval('public.users_id_seq', 3, true);


--
-- Name: visits_analyses_id_seq; Type: SEQUENCE SET; Schema: public; Owner: medlabms
--

SELECT pg_catalog.setval('public.visits_analyses_id_seq', 32, true);


--
-- Name: visits_id_seq; Type: SEQUENCE SET; Schema: public; Owner: medlabms
--

SELECT pg_catalog.setval('public.visits_id_seq', 5, true);


--
-- Name: analyses_groups analyses_groups_name_key; Type: CONSTRAINT; Schema: public; Owner: medlabms
--

ALTER TABLE ONLY public.analyses_groups
    ADD CONSTRAINT analyses_groups_name_key UNIQUE (name);


--
-- Name: analyses_groups analyses_groups_pkey; Type: CONSTRAINT; Schema: public; Owner: medlabms
--

ALTER TABLE ONLY public.analyses_groups
    ADD CONSTRAINT analyses_groups_pkey PRIMARY KEY (id);


--
-- Name: analyses analyses_name_key; Type: CONSTRAINT; Schema: public; Owner: medlabms
--

ALTER TABLE ONLY public.analyses
    ADD CONSTRAINT analyses_name_key UNIQUE (name);


--
-- Name: analyses analyses_pkey; Type: CONSTRAINT; Schema: public; Owner: medlabms
--

ALTER TABLE ONLY public.analyses
    ADD CONSTRAINT analyses_pkey PRIMARY KEY (id);


--
-- Name: audits audits_pkey; Type: CONSTRAINT; Schema: public; Owner: medlabms
--

ALTER TABLE ONLY public.audits
    ADD CONSTRAINT audits_pkey PRIMARY KEY (id);


--
-- Name: databasechangeloglock databasechangeloglock_pkey; Type: CONSTRAINT; Schema: public; Owner: medlabms
--

ALTER TABLE ONLY public.databasechangeloglock
    ADD CONSTRAINT databasechangeloglock_pkey PRIMARY KEY (id);


--
-- Name: groups groups_kc_id_key; Type: CONSTRAINT; Schema: public; Owner: medlabms
--

ALTER TABLE ONLY public.groups
    ADD CONSTRAINT groups_kc_id_key UNIQUE (kc_id);


--
-- Name: groups groups_name_key; Type: CONSTRAINT; Schema: public; Owner: medlabms
--

ALTER TABLE ONLY public.groups
    ADD CONSTRAINT groups_name_key UNIQUE (name);


--
-- Name: groups groups_path_key; Type: CONSTRAINT; Schema: public; Owner: medlabms
--

ALTER TABLE ONLY public.groups
    ADD CONSTRAINT groups_path_key UNIQUE (path);


--
-- Name: groups groups_pkey; Type: CONSTRAINT; Schema: public; Owner: medlabms
--

ALTER TABLE ONLY public.groups
    ADD CONSTRAINT groups_pkey PRIMARY KEY (id);


--
-- Name: patients patients_pkey; Type: CONSTRAINT; Schema: public; Owner: medlabms
--

ALTER TABLE ONLY public.patients
    ADD CONSTRAINT patients_pkey PRIMARY KEY (id);


--
-- Name: users users_email_key; Type: CONSTRAINT; Schema: public; Owner: medlabms
--

ALTER TABLE ONLY public.users
    ADD CONSTRAINT users_email_key UNIQUE (email);


--
-- Name: users users_kc_id_key; Type: CONSTRAINT; Schema: public; Owner: medlabms
--

ALTER TABLE ONLY public.users
    ADD CONSTRAINT users_kc_id_key UNIQUE (kc_id);


--
-- Name: users users_pkey; Type: CONSTRAINT; Schema: public; Owner: medlabms
--

ALTER TABLE ONLY public.users
    ADD CONSTRAINT users_pkey PRIMARY KEY (id);


--
-- Name: users users_username_key; Type: CONSTRAINT; Schema: public; Owner: medlabms
--

ALTER TABLE ONLY public.users
    ADD CONSTRAINT users_username_key UNIQUE (username);


--
-- Name: visits_analyses visits_analyses_pkey; Type: CONSTRAINT; Schema: public; Owner: medlabms
--

ALTER TABLE ONLY public.visits_analyses
    ADD CONSTRAINT visits_analyses_pkey PRIMARY KEY (id);


--
-- Name: visits visits_pkey; Type: CONSTRAINT; Schema: public; Owner: medlabms
--

ALTER TABLE ONLY public.visits
    ADD CONSTRAINT visits_pkey PRIMARY KEY (id);


--
-- Name: analyses analyses_analyses_groups_fk; Type: FK CONSTRAINT; Schema: public; Owner: medlabms
--

ALTER TABLE ONLY public.analyses
    ADD CONSTRAINT analyses_analyses_groups_fk FOREIGN KEY (analysis_group_id) REFERENCES public.analyses_groups(id);


--
-- Name: users users_group_fk; Type: FK CONSTRAINT; Schema: public; Owner: medlabms
--

ALTER TABLE ONLY public.users
    ADD CONSTRAINT users_group_fk FOREIGN KEY (group_id) REFERENCES public.groups(id);


--
-- Name: visits_analyses visit_analyses_visits_fk; Type: FK CONSTRAINT; Schema: public; Owner: medlabms
--

ALTER TABLE ONLY public.visits_analyses
    ADD CONSTRAINT visit_analyses_visits_fk FOREIGN KEY (visit_id) REFERENCES public.visits(id);


--
-- Name: visits_analyses visits_analyses_analysis_fk; Type: FK CONSTRAINT; Schema: public; Owner: medlabms
--

ALTER TABLE ONLY public.visits_analyses
    ADD CONSTRAINT visits_analyses_analysis_fk FOREIGN KEY (analysis_id) REFERENCES public.analyses(id);


--
-- Name: visits visits_patient_fk; Type: FK CONSTRAINT; Schema: public; Owner: medlabms
--

ALTER TABLE ONLY public.visits
    ADD CONSTRAINT visits_patient_fk FOREIGN KEY (patient_id) REFERENCES public.patients(id);


--
-- Name: SCHEMA public; Type: ACL; Schema: -; Owner: postgres
--

REVOKE USAGE ON SCHEMA public FROM PUBLIC;
GRANT ALL ON SCHEMA public TO PUBLIC;


--
-- PostgreSQL database dump complete
--

